id,title,epic,phase,squad,service,points,depends_on,prd_requirements,release_gate,acceptance_criteria
PLAT-1,"Terraform baseline: VPC, EKS, node groups, RDS, Redis, S3, KMS",PLAT · Platform foundations,Phase 0,Squad Platform,infra,8,,,,"terraform apply from zero produces a working empty environment in a fresh AWS account; api, agent, and render node groups scale independently."
PLAT-2,Redpanda cluster and topic provisioning as code,PLAT · Platform foundations,Phase 0,Squad Platform,infra,5,PLAT-1,,,All 14 topics plus matching .dlq topics exist with retention read from adjutant-events.json. Topic creation outside Terraform is denied.
PLAT-3,Schema registry plus CI backward-compatibility gate,PLAT · Platform foundations,Phase 0,Squad Platform,infra,5,PLAT-2,,,A PR that removes a payload field or narrows a type without bumping event_version fails CI. Adding an optional field passes.
PLAT-4,CI/CD with expand/contract migration gate,PLAT · Platform foundations,Phase 0,Squad Platform,infra,5,PLAT-1,,,A migration that drops or renames a column in the same release as its code change is rejected by CI.
PLAT-5,OpenTelemetry pipeline to Grafana/Tempo/Loki/Mimir,PLAT · Platform foundations,Phase 0,Squad Platform,infra,5,PLAT-1,,,"A single request produces one connected trace across core-api, orchestrator, and one adapter."
PLAT-6,Span attribute contract enforcement,PLAT · Platform foundations,Phase 0,Squad Platform,infra,3,PLAT-5,,,"Any span missing brand_id, or any model/channel call span missing usd_cost, fails the contract test."
PLAT-7,Apply schema and run the invariant suite in CI,PLAT · Platform foundations,Phase 0,Squad Platform,postgres,3,"PLAT-1,PLAT-4",,,adjutant-schema.sql loads clean and all 14 invariant tests fail closed on every pipeline run. A regression blocks merge.
PLAT-8,"Temporal cluster, namespace per environment, worker versioning",PLAT · Platform foundations,Phase 0,Squad Platform,orchestrator,5,PLAT-1,,,A worker deploy mid-workflow does not break in-flight executions; replay test passes against recorded histories.
PLAT-9,"KMS CMK, per-tenant DEK provisioning, rotation runbook",PLAT · Platform foundations,Phase 0,Squad Platform,infra,5,PLAT-1,ACC-6,,A database dump without KMS access yields no usable channel credential. Rotation is executed once in staging end to end.
PLAT-10,Service scaffold template,PLAT · Platform foundations,Phase 0,Squad Platform,all,3,,,,"A new service is generated with otel, tenant-context middleware, healthz, and a passing test suite in under 10 minutes."
PLAT-11,Internal gRPC transport with tenant and trace metadata propagation,PLAT · Platform foundations,Phase 0,Squad Platform,all,5,PLAT-10,,,"A call without tenant metadata is rejected with TenantContextMissing at the interceptor, before any handler runs."
PLAT-12,Local dev environment,PLAT · Platform foundations,Phase 0,Squad Platform,infra,3,,,,"One command brings up Postgres, Redis, Redpanda, and Temporal with seeded fixtures."
PLAT-13,Event envelope library (Python and TypeScript),PLAT · Platform foundations,Phase 0,Squad Platform,all,5,PLAT-3,,,Publish validates against the registry; consume dedupes on event_id and routes validation failures to the DLQ. Both languages share the conformance fixtures.
PLAT-14,event_outbox table and relay service,PLAT · Platform foundations,Phase 0,Squad Platform,postgres,5,PLAT-13,,,"No service publishes directly. Relay claims with FOR UPDATE SKIP LOCKED, and a kill -9 between publish and mark produces a duplicate that the consumer dedupes rather than a lost event."
PLAT-15,Consumer registry manifest and CI registration check,PLAT · Platform foundations,Phase 0,Squad Platform,infra,3,PLAT-3,,,A service that subscribes to a topic without a manifest entry fails CI.
PLAT-16,DLQ inspection and replay tooling,PLAT · Platform foundations,Phase 0,Squad Platform,infra,3,PLAT-13,,,"An operator can view, filter, and selectively replay DLQ messages with the original envelope intact."
PLAT-17,Load-test harness for governor and deployment fan-out,PLAT · Platform foundations,Phase 0,Squad Platform,infra,5,PLAT-2,,,Harness simulates 500 brands deploying simultaneously and reports governor queue behavior and 429 count.
SEC-1,Tenant context injection on connection checkout,SEC · Tenancy and security,Phase 0,Squad Platform,core-api,5,PLAT-7,ACC-6,,A pooled connection returned without tenant context can read zero rows from every brand-scoped table.
SEC-2,Cross-tenant leak suite on every migration,SEC · Tenancy and security,Phase 0,Squad Platform,postgres,3,SEC-1,ACC-6,,Every migration runs the leak suite; a new table without RLS fails the build.
SEC-3,AuthN (OIDC) and the full role matrix,SEC · Tenancy and security,Phase 0,Squad Surface,core-api,8,PLAT-11,"ACC-3,ACC-4",,All seven roles enforced at the API boundary with a table-driven test per role per endpoint.
SEC-4,Agency-to-client role scoping,SEC · Tenancy and security,Phase 0,Squad Surface,core-api,5,SEC-3,"ACC-2,ACC-5",,A client_approver can approve only their own brand's subjects and can read nothing else in the agency.
SEC-5,S3 prefix isolation with IAM conditions,SEC · Tenancy and security,Phase 0,Squad Platform,infra,3,PLAT-1,ACC-6,,A credential scoped to one brand prefix cannot list or read another brand's objects.
SEC-6,Channel credential encryption with no-log assertions,SEC · Tenancy and security,Phase 0,Squad Spend,channel-gateway,5,PLAT-9,ACC-6,,"A test that greps logs, spans, and agent context for a known token value finds zero occurrences."
SEC-7,agent-runtime egress lockdown,SEC · Tenancy and security,Phase 0,Squad Platform,agent-runtime,3,PLAT-1,,,"A NetworkPolicy test confirms agent-runtime pods cannot reach any ad platform host. Capability removed, not denied."
SEC-8,Account type mutability without data loss,SEC · Tenancy and security,Phase 0,Squad Surface,core-api,5,SEC-3,ACC-1,,A business account converts to agency and back with zero row loss and no orphaned brands.
SEC-9,Signed immutable audit export,SEC · Tenancy and security,Phase 0,Squad Platform,core-api,3,AUD-2,ACC-7,,Export is byte-reproducible for a fixed window and carries a verifiable signature.
SEC-10,Threat model and pen-test scope for the spend path,SEC · Tenancy and security,Phase 0,Squad Spend,docs,3,,,,Written threat model reviewed and signed off; external pen-test scope covers every path that can reach Build or Mutate.
APRV-1,Approval state machine,APRV · Approval and spend authority,Phase 0,Squad Spend,approval-svc,8,PLAT-7,"AP-1,AP-2,AP-3",,All transitions and side exits implemented; an illegal transition raises rather than being silently ignored. pending_client without a prior internal approval is impossible.
APRV-2,Ed25519 signing via KMS with overlapping-validity rotation,APRV · Approval and spend authority,Phase 0,Squad Spend,approval-svc,5,PLAT-9,AP-5,,Key rotation completes with zero token-validation failures for tokens signed by the outgoing key.
APRV-3,"IssueToken: hash binding, scope derivation, cap binding, bounded expiry",APRV · Approval and spend authority,Phase 0,Squad Spend,approval-svc,5,"APRV-1,APRV-2","AP-4,AP-5",,"Token is issuable only from an approved request; expiry beyond 72h is rejected by the database, not just the service."
APRV-4,"ValidateToken: Redis-backed, fail-closed",APRV · Approval and spend authority,Phase 0,Squad Spend,approval-svc,5,APRV-3,AP-5,,"P95 under 15 ms at 1,000 rps. With Redis unavailable, validation denies rather than permits, and the denial is alerted."
APRV-5,ConsumeToken single-consumption with write-through,APRV · Approval and spend authority,Phase 0,Squad Spend,approval-svc,5,APRV-4,"AP-5,LN-2",,"A replay of the same (token, channel, operation, idem_key) is rejected and raises a security alert, not a warning."
APRV-6,Token voiding on subject mutation,APRV · Approval and spend authority,Phase 0,Squad Spend,approval-svc,3,APRV-3,AP-4,,Editing an approved plan voids every outstanding token in the same transaction and emits plan.voided. Verified by the schema invariant suite.
APRV-7,Approver spend-threshold enforcement,APRV · Approval and spend authority,Phase 0,Squad Spend,approval-svc,3,"SEC-3,APRV-1",ACC-4,,A reviewer whose threshold is below the requested daily spend cannot be an eligible approver.
APRV-8,Negative security suite for the spend path,APRV · Approval and spend authority,Phase 0,Squad Spend,approval-svc,5,APRV-5,AP-5,yes,"Hash mutation, scope escalation, cap overflow, replay, expiry, and cross-brand token use all fail closed. Any regression blocks release."
APRV-9,"Expiry timers, reminders, abandonment metric",APRV · Approval and spend authority,Phase 0,Squad Spend,approval-svc,3,APRV-1,AP-8,,Requests expire on an absolute deadline; reminder cadence configurable; abandonment rate emitted as a metric from day one.
APRV-10,Two-stage internal-then-client approval with agency delegation,APRV · Approval and spend authority,Phase 0,Squad Spend,approval-svc,5,"APRV-1,SEC-4","AP-2,ACC-5",,An agency can require client sign-off per brand; the client stage is unreachable before internal approval.
APRV-11,"Chaos tests: Redis loss, KMS unavailable, clock skew",APRV · Approval and spend authority,Phase 0,Squad Spend,approval-svc,3,APRV-4,,,Each fault produces a denial and an alert. No fault produces a permitted write.
AUD-1,Append-only ledger writer with revert_path capture,AUD · Audit ledger,Phase 0,Squad Platform,core-api,5,PLAT-7,"AP-6,LN-5",,"Every spend-affecting action writes one row with actor, diff, token id, and a populated revert_path. UPDATE and DELETE are rejected by the database."
AUD-2,action.recorded emission from the same transaction,AUD · Audit ledger,Phase 0,Squad Platform,core-api,3,"AUD-1,PLAT-14",AP-6,,The bus can never disagree with the ledger; a crash after commit still publishes via the outbox.
AUD-3,Reversibility engine,AUD · Audit ledger,Phase 0,Squad Spend,channel-gateway,5,AUD-1,LN-5,,Rollback walks revert_path in reverse within the window and verifies each step against the platform.
AUD-4,Audit timeline UI,AUD · Audit ledger,Phase 0,Squad Surface,web,5,"AUD-1,SEC-3","AP-6,ACC-7",,"Per-brand chronological view showing actor, action, diff, token, and USD impact, filterable and exportable."
GW-1,Capability Registry loader and versioning,GW · Channel gateway framework,Phase 0,Squad Spend,channel-gateway,5,PLAT-7,CP-1,,Registry YAML validates against a schema at load; an entry missing a required field fails startup. All 10 channels seeded.
GW-2,Spec Registry loader,GW · Channel gateway framework,Phase 0,Squad Spend,channel-gateway,5,GW-1,CR-2,,"Placement specs, safe zones, character limits, and codec constraints are readable by render-svc and the validator. Nothing hard-codes a dimension."
GW-3,ChannelAdapter protocol and adapter registry,GW · Channel gateway framework,Phase 0,Squad Spend,channel-gateway,3,PLAT-10,CP-1,,A static check fails the build on any channel-name conditional above the adapter layer.
GW-4,Rate-limit governor: Redis and Lua token buckets,GW · Channel gateway framework,Phase 0,Squad Spend,channel-gateway,8,PLAT-1,LN-6,,Buckets refill per each channel's declared quota_model. Bucket arithmetic is atomic in a single round trip.
GW-5,Governor priority queueing with visible queue position,GW · Channel gateway framework,Phase 0,Squad Spend,channel-gateway,5,GW-4,LN-6,,"Deployment outranks optimization outranks backfill. The user sees 'queued behind 3 deployments', not a spinner."
GW-6,write_account_allowlist constraint kind,GW · Channel gateway framework,Phase 0,Squad Spend,channel-gateway,3,GW-4,CP-1,,LinkedIn's development-tier five-account write limit is modeled as a constraint kind rather than as a rate.
GW-7,Idempotency key derivation and read-by-key reconciliation,GW · Channel gateway framework,Phase 0,Squad Spend,channel-gateway,5,GW-3,LN-2,,"A create that succeeded behind a 504 is adopted on retry, not duplicated. Verified by an induced-timeout test per adapter."
GW-8,Token assertion at the adapter boundary,GW · Channel gateway framework,Phase 0,Squad Spend,channel-gateway,3,"APRV-4,GW-3",AP-5,,Every adapter asserts validity locally before its first outbound HTTP call. A test that removes the caller's check still cannot produce a write.
GW-9,Per-channel change-notification audit,GW · Channel gateway framework,Phase 0,Squad Spend,channel-gateway,3,GW-1,,,"Each channel's registry entry carries mechanism (webhook or polling), poll interval, and the date verified. No code reads a channel name to decide."
GW-10,Webhook ingress,GW · Channel gateway framework,Phase 0,Squad Spend,channel-gateway,5,GW-9,,,"Signature verified before parse; deduped on delivery id; 200 returned under 500 ms; payload treated as a reconcile hint, never as state."
GW-11,Adapter conformance suite (the executable Channel DoD),GW · Channel gateway framework,Phase 0,Squad Spend,channel-gateway,8,"GW-3,GW-7","CP-1,CP-2",yes,"One shared suite every adapter must pass: capability accuracy, idempotency under induced timeout, verification catching a silent failure, verbatim rejection capture, quota respect without probing."
GW-12,Cassette record and replay harness,GW · Channel gateway framework,Phase 0,Squad Spend,channel-gateway,5,GW-11,,,No CI path touches a production ad account. Cassettes are refreshable on demand.
GW-13,Kill switch with verification and paging,GW · Channel gateway framework,Phase 0,Squad Spend,channel-gateway,5,GW-4,LN-7,,Row checked on every egress call; fan-out complete within 60 s; any channel unverified at 5 minutes pages rather than toasts.
GW-14,Structure sync and external-drift detection,GW · Channel gateway framework,Phase 0,Squad Spend,channel-gateway,5,GW-3,OP-8,,Changes made outside Adjutant are detected and surfaced as drift with changed_externally set.
GW-15,Verbatim rejection capture and classification hook,GW · Channel gateway framework,Phase 0,Squad Spend,channel-gateway,3,GW-3,LN-4,,Platform text stored unmodified; classification is a separate derived field that never overwrites the original.
GW-16,Governor observability dashboard,GW · Channel gateway framework,Phase 0,Squad Spend,channel-gateway,3,GW-5,,,"Queue depth, drain estimate, and observed 429 count per channel per ad account."
ADPT-1,Meta: connect and refresh,ADPT · Meta and Google to full DoD,Phase 0,Squad Spend,channel-gateway,5,GW-3,CP-2,,OAuth and system-user paths both work; token refresh is automatic and a revocation surfaces as connection health within one sync.
ADPT-2,Meta: read_structure and read_metrics,ADPT · Meta and Google to full DoD,Phase 0,Squad Spend,channel-gateway,5,ADPT-1,CP-2,,"Full hierarchy and hourly metrics land correctly, including restatements of prior windows."
ADPT-3,"Meta: build and asset upload, idempotent",ADPT · Meta and Google to full DoD,Phase 0,Squad Spend,channel-gateway,8,"ADPT-2,GW-7","LN-1,LN-2",,"Campaign, ad set, and ad created with idem keys; induced timeout on each level reconciles rather than duplicating."
ADPT-4,Meta: quota model from documented formula,ADPT · Meta and Google to full DoD,Phase 0,Squad Spend,channel-gateway,5,"GW-4,ADPT-1",LN-6,,Bucket capacity computed as base + 40 x active_ads with tier read from the X-Ad-Account-Usage header; recomputed on every structure sync. Limits are never probed empirically.
ADPT-5,"Meta: verify, rejections, and Advantage+ targeting constraints",ADPT · Meta and Google to full DoD,Phase 0,Squad Spend,channel-gateway,5,ADPT-3,"CP-2,LN-4",,Read-back verification; rejections captured verbatim; the Strategist cannot plan interest targeting where Advantage+ removes it.
ADPT-6,"Google Ads: connect, refresh, account hierarchy",ADPT · Meta and Google to full DoD,Phase 0,Squad Spend,channel-gateway,5,GW-3,CP-2,,Manager-account hierarchies resolve correctly; a brand can be linked to a single child account unambiguously.
ADPT-7,Google Ads: read_structure and read_metrics,ADPT · Meta and Google to full DoD,Phase 0,Squad Spend,channel-gateway,5,ADPT-6,CP-2,,"Structure and hourly metrics land, including asset-group-level reporting."
ADPT-8,Google Ads: Performance Max asset-group build,ADPT · Meta and Google to full DoD,Phase 0,Squad Spend,channel-gateway,8,"ADPT-7,GW-7","LN-1,LN-2",,"Asset groups respect the 1-to-100-per-campaign bound, are never treated as shareable across campaigns, and always carry at least one final URL."
ADPT-9,YouTube placements and video asset handling,ADPT · Meta and Google to full DoD,Phase 0,Squad Spend,channel-gateway,5,ADPT-8,CP-2,,Video assets upload and attach correctly; YouTube-specific placements are declared in the capability registry rather than special-cased.
ADPT-10,"Google: verify, rejections, AI-content label policy",ADPT · Meta and Google to full DoD,Phase 0,Squad Spend,channel-gateway,5,ADPT-8,"CR-11,LN-4",,Read-back verification; verbatim rejection capture; AI-generated content is labeled per current Google Ads policy on submission.
ADPT-11,Meta and Google pass the full conformance suite,ADPT · Meta and Google to full DoD,Phase 0,Squad Spend,channel-gateway,5,"GW-11,ADPT-5,ADPT-10",CP-1,yes,Both adapters green on every conformance test with zero waivers. No channel ships with a waiver.
ORCH-1,"Workers, task queues per pool, versioning strategy",ORCH · Temporal wiring,Phase 0,Squad Platform,orchestrator,5,PLAT-8,,,Agent and render pools have separate queues and autoscaling; a mid-flight deploy does not break executions.
ORCH-2,Retry policy library and non-retryable error registry,ORCH · Temporal wiring,Phase 0,Squad Platform,orchestrator,3,ORCH-1,,,All 15 terminal error types are registered non-retryable. A test asserts no Token error is ever retried.
ORCH-3,Workflow ID conventions with REJECT_DUPLICATE,ORCH · Temporal wiring,Phase 0,Squad Platform,orchestrator,2,ORCH-1,LN-2,,Starting deploy/{deployment_id} twice is a no-op rather than a double launch.
ORCH-4,Signal idempotency and stale-hash guard library,ORCH · Temporal wiring,Phase 0,Squad Platform,orchestrator,3,ORCH-1,AP-4,,A duplicate signal is ignored; a signal whose subject_hash no longer matches is recorded and never acted on.
ORCH-5,Replay-safety CI test against recorded histories,ORCH · Temporal wiring,Phase 0,Squad Platform,orchestrator,5,ORCH-1,,,Any non-deterministic change to workflow code fails CI before it can break in-flight executions.
ACCESS-1,File Meta Advanced Access / App Review,ACCESS · Platform access program,Phase 0,Platform Access (PM-led),external,3,,CP-2,,Submitted in week 1 with demo assets and privacy documentation. This is the long pole; nothing waits on engineering to start it.
ACCESS-2,File LinkedIn Standard tier application,ACCESS · Platform access program,Phase 0,Platform Access (PM-led),external,3,,CP-2,,"Submitted in week 1. Until granted, development tier permits writes on only five ad accounts and one creatable test account, which constrains alpha design-partner selection."
ACCESS-3,"TikTok developer app, terms, verification, data-security review",ACCESS · Platform access program,Phase 0,Platform Access (PM-led),external,5,,CP-2,,All four steps of the integration path initiated in week 1; data-security review documentation drafted.
ACCESS-4,Pinterest standard access application,ACCESS · Platform access program,Phase 0,Platform Access (PM-led),external,3,,CP-2,,Submitted in week 1. Developer guidelines reviewed and the rate-limit-probing prohibition recorded as a build constraint.
ACCESS-5,"Snapchat, Reddit, Microsoft, Amazon developer onboarding",ACCESS · Platform access program,Phase 0,Platform Access (PM-led),external,5,,CP-2,,"Accounts created and access confirmed. Reddit and Snapchat require no allowlisting, so these are the lowest-risk parity wins."
ACCESS-6,Microsoft REST-only posture,ACCESS · Platform access program,Phase 0,Squad Spend,channel-gateway,3,ACCESS-5,CP-2,,"The adapter targets REST exclusively from the first line of code, given SOAP's announced deprecation timeline."
ACCESS-7,Access-status tracker and weekly review,ACCESS · Platform access program,Phase 0,Platform Access (PM-led),docs,2,ACCESS-1,,,"Per-channel status, blocker, owner, and contingency reviewed weekly and visible to the whole team."
BG-1,Site ingest and structured extraction,BG · Brand Graph,Phase 1,Squad Creative,brand-svc,5,PLAT-10,BG-1,,"Given a domain, the crawler extracts offerings, pricing signals, geography, and tone candidates with a source URL per field."
BG-2,Assertion writer with provenance enforcement,BG · Brand Graph,Phase 1,Squad Creative,brand-svc,5,"BG-1,PLAT-7","BG-2,BG-5",,"An assertion cannot be written in confirmed state without a provenance URI. Enforced by the database, verified by the invariant suite."
BG-3,Confidence scoring and low-confidence surfacing,BG · Brand Graph,Phase 1,Squad Creative,brand-svc,3,BG-2,BG-3,,Fields below threshold are ordered for human review; the user is not asked to re-confirm high-confidence extractions.
BG-4,Brand Graph confirmation UI,BG · Brand Graph,Phase 1,Squad Surface,web,5,"BG-3,SEC-3",BG-4,,A user confirms or corrects a draft graph in under 10 minutes for a typical SMB; corrections write with human provenance.
BG-5,Generation gate on unconfirmed graph,BG · Brand Graph,Phase 1,Squad Creative,creative-svc,2,BG-4,BG-4,,"CommitSceneGraph raises BrandGraphUnconfirmed when the graph is not confirmed. No bypass exists, including in admin tooling."
BG-6,"Palette, typeface, and logo extraction into the brand kit",BG · Brand Graph,Phase 1,Squad Creative,brand-svc,5,BG-1,BG-6,,Extracted palette and typefaces are usable as style_refs; logo is stored as a protected asset that generation may never recreate.
BG-7,Ad account history ingest for warm start,BG · Brand Graph,Phase 1,Squad Creative,brand-svc,5,"ADPT-2,ADPT-7",BG-7,,Prior campaign performance informs the first plan rather than starting cold.
BG-8,Brand Graph clone with field-level diff,BG · Brand Graph,Phase 1,Squad Creative,brand-svc,5,BG-2,"BG-8,ACC-2",,An agency clones a graph to a similar client and sees a field-level diff before committing.
BG-9,Claim-to-assertion substantiation index,BG · Brand Graph,Phase 1,Compliance pod,brand-svc,3,BG-2,"BG-5,CR-9",,"SubstantiateClaims resolves a claim string to a provenanced assertion or returns unresolved. It is a graph lookup, not a model judgment."
BG-10,OnboardBrandWorkflow end to end,BG · Brand Graph,Phase 1,Squad Creative,orchestrator,5,"BG-4,BG-6,ORCH-4",BG-1,,Signup to confirmed graph runs as one durable workflow that survives a deploy mid-onboarding and waits up to 14 days for confirmation.
AGENT-1,Agent bundle definition format,AGENT · Agent runtime and first three agents,Phase 1,Squad Creative,agent-runtime,3,PLAT-10,,,"Prompt, tool allowlist, model tier, output schema, USD ceiling, and retry policy are declared as data and loaded at startup."
AGENT-2,Invoke with schema validation and bounded retries,AGENT · Agent runtime and first three agents,Phase 1,Squad Creative,agent-runtime,5,AGENT-1,,,"Invalid structured output retries up to three times with the error fed back, then raises SchemaValidationExhausted and escalates to a human task. It never degrades to unstructured text."
AGENT-3,Tool allowlist enforcement at dispatch,AGENT · Agent runtime and first three agents,Phase 1,Squad Creative,agent-runtime,3,AGENT-1,,,The Copywriter has no channel-gateway verb; the Optimizer's list contains no write verb. A forged tool call is refused at dispatch.
AGENT-4,Per-invocation cost metering,AGENT · Agent runtime and first three agents,Phase 1,Squad Creative,agent-runtime,3,"AGENT-2,PLAT-14",,,"Every invocation writes agent_run and emits agent.run.completed with model, tokens, latency, USD, and brand attribution."
AGENT-5,Model tier policy and per-brand generation ceiling,AGENT · Agent runtime and first three agents,Phase 1,Squad Creative,agent-runtime,5,AGENT-4,,,"Exceeding the monthly ceiling degrades to a cheaper tier and notifies. It never silently burns margin, and never halts without telling anyone."
AGENT-6,Strategist agent,AGENT · Agent runtime and first three agents,Phase 1,Squad Creative,agent-runtime,8,"GW-1,AGENT-2","ST-1,ST-2,ST-3,ST-6",,"Produces a channel-allocated plan validated against the Capability Registry, with written rationale, for a brand it has never seen."
AGENT-7,Copywriter agent,AGENT · Agent runtime and first three agents,Phase 1,Squad Creative,agent-runtime,5,"GW-2,AGENT-2","CR-3,CR-4",,Copy respects per-field character limits read from the Spec Registry and brand tone from the graph. No truncation occurs downstream.
AGENT-8,Art Director agent,AGENT · Agent runtime and first three agents,Phase 1,Squad Creative,agent-runtime,8,"AGENT-2,CRTV-1","CR-1,CR-5",,"Emits a valid scene graph with distinct visual concepts, never a flat image, and never rasterizes a text layer."
AGENT-9,Prompt-injection hardening on ingested content,AGENT · Agent runtime and first three agents,Phase 1,Squad Creative,agent-runtime,5,"BG-1,SEC-7",,,Adversarial instructions embedded in a crawled page cannot alter agent behavior. A red-team corpus is part of CI.
AGENT-10,Agent evaluation harness,AGENT · Agent runtime and first three agents,Phase 1,Squad Creative,agent-runtime,5,"AGENT-6,AGENT-7,AGENT-8",,,Golden briefs across four verticals scored on regression; a prompt or model change that degrades quality fails the build.
CRTV-1,Scene graph schema and validation,CRTV · Scene graph and static render,Phase 1,Squad Creative,creative-svc,5,PLAT-7,"CR-1,CR-5",,A graph with a rasterized text layer is rejected at commit with TextLayerRasterized.
CRTV-2,Scene graph versioning and creative_hash,CRTV · Scene graph and static render,Phase 1,Squad Creative,creative-svc,3,CRTV-1,AP-4,,"Any mutation produces a new version and a new hash, which voids outstanding approval tokens."
CRTV-3,Anchor-preserving re-layout engine,CRTV · Scene graph and static render,Phase 1,Squad Creative,creative-svc,8,"CRTV-1,GW-2","CR-2,CR-6",,Anchors resolve against each target ratio's safe zone and text shrinks within its declared range. A layer that cannot fit raises RenditionInfeasible rather than cropping.
CRTV-4,render-svc static pipeline with font management,CRTV · Scene graph and static render,Phase 1,Squad Creative,render-svc,8,CRTV-1,CR-2,,Deterministic typographic rendering: identical graph and spec always yield identical bytes. Missing font raises rather than substituting silently.
CRTV-5,Content-addressed render cache,CRTV · Scene graph and static render,Phase 1,Squad Creative,render-svc,3,CRTV-4,,,"Re-render after an unrelated edit is a cache hit. Nine renditions are nine renders of one graph, never nine generations."
CRTV-6,Rendition validator,CRTV · Scene graph and static render,Phase 1,Squad Creative,render-svc,5,"CRTV-4,GW-2",CR-2,,"Programmatic assertions for clipped text, mid-word breaks, contrast below 4.5:1, logo outside safe zone, byte and duration bounds."
CRTV-7,Infeasible-rendition routing,CRTV · Scene graph and static render,Phase 1,Squad Creative,orchestrator,3,CRTV-6,CR-2,,A spec-validation failure routes back to creative revision and cannot enter the approval queue. Reviewers never see a broken rendition.
CRTV-8,Golden-image diff suite across all nine ratios,CRTV · Scene graph and static render,Phase 1,Squad Creative,render-svc,5,CRTV-6,CR-2,,Every ratio covered; a rendering regression fails CI with a visual diff artifact attached.
CRTV-9,CreativeSetWorkflow,CRTV · Scene graph and static render,Phase 1,Squad Creative,orchestrator,5,"AGENT-7,AGENT-8,CRTV-6,ORCH-4",CR-1,,"Copy, art, and video agents run in parallel, then render, validate, compliance-check, and wait for approval as one durable execution."
UI-1,"App shell, auth, brand switcher, dual-mode navigation",UI · Console and approval queue,Phase 1,Squad Surface,web,5,SEC-3,ACC-1,,Business and agency modes share one shell; neither is visually or navigationally subordinate.
UI-2,Signup with dual account-type choice,UI · Console and approval queue,Phase 1,Squad Surface,web,3,SEC-8,ACC-1,,Both account types are presented with equal prominence and equal copy weight. Neither is a default or an upsell.
UI-3,Approval queue list,UI · Console and approval queue,Phase 1,Squad Surface,web,8,"APRV-1,UI-1","AP-1,AP-7",,"P95 under 250 ms at 500 pending items. Keyboard-first, batch selection, and sorted by a defensible priority rather than by creation time."
UI-4,Approval detail view,UI · Console and approval queue,Phase 1,Squad Surface,web,8,"UI-3,CRTV-6","AP-1,AP-3,ST-6",,"Side-by-side renditions, plan diff against the prior version, compliance findings with citations, and the agent's written rationale on one screen."
UI-5,Bulk approve with per-item exclusion,UI · Console and approval queue,Phase 1,Squad Surface,web,5,UI-4,AP-7,,"A reviewer approves 40 creatives and excludes 3 in a single action, and the issued token covers exactly the approved set."
UI-6,Change-request flow with reason codes,UI · Console and approval queue,Phase 1,Squad Surface,web,3,UI-4,AP-3,,Structured reason codes plus free text; both flow into plan.rejected as Strategist training signal.
UI-7,Governor queue position and deployment progress,UI · Console and approval queue,Phase 1,Squad Surface,web,3,"GW-5,DEP-1",LN-6,,Per-channel progress with real queue position. No indefinite spinner exists anywhere in the deploy path.
UI-8,Kill switch UI,UI · Console and approval queue,Phase 1,Squad Surface,web,3,GW-13,LN-7,,"One action, explicit confirmation, then live per-channel verification status until every channel is confirmed paused."
UI-9,Console accessibility and contrast audit,UI · Console and approval queue,Phase 1,Squad Surface,web,3,UI-4,,,WCAG AA on the approval path. We cannot enforce 4.5:1 in ads and ship a console that fails it.
DEP-1,DeploymentWorkflow with independent per-channel activities,DEP · Deployment,Phase 1,Squad Spend,orchestrator,8,"ORCH-2,GW-8,ADPT-11","LN-1,LN-2",,Channels are independent units of success. A TikTok 5xx does not roll back live Meta campaigns.
DEP-2,Preflight orchestration,DEP · Deployment,Phase 1,Squad Spend,channel-gateway,5,DEP-1,LN-3,,"Pixel, conversion action, UTM, landing-page reachability, and billing validated per channel before any spend. A failing channel is blocked while others proceed."
DEP-3,Verification read-back with long poll,DEP · Deployment,Phase 1,Squad Spend,channel-gateway,5,DEP-1,LN-1,,"Liveness is never inferred from a write response. Unverifiable objects mark the channel partial, never live."
DEP-4,Retry reconciliation,DEP · Deployment,Phase 1,Squad Spend,channel-gateway,5,"GW-7,DEP-3",LN-2,,A retry reusing the same idem key adopts a pre-existing object. Induced-timeout test per level per channel produces zero duplicates.
DEP-5,Rollback within window,DEP · Deployment,Phase 1,Squad Spend,channel-gateway,5,"AUD-3,DEP-3",LN-5,,"A launch is fully reversible within 10 minutes across every channel it touched, with each reversal verified."
DEP-6,Deployment audit rows,DEP · Deployment,Phase 1,Squad Platform,core-api,3,"AUD-1,DEP-1",AP-6,,"One ledger row per mutation carrying the authorizing token id, the diff, and a revert path."
MON-1,MonitorBrandWorkflow on an hourly schedule,MON · Basic monitoring,Phase 1,Squad Platform,orchestrator,5,"ORCH-1,DEP-1",OP-1,,"Runs hourly per brand, self-heals a missed cycle, and re-derives rather than depending on event delivery."
MON-2,Metric sync with watermark events,MON · Basic monitoring,Phase 1,Squad Platform,analytics-svc,5,"ADPT-2,ADPT-7",OP-1,,"Downstream scans trigger off watermarks, never off wall-clock time. Restatements invalidate derived rollups for the window."
MON-3,Raw metric ingest and partition management,MON · Basic monitoring,Phase 1,Squad Platform,analytics-svc,5,"PLAT-7,MON-2",OP-1,,Monthly partitions created ahead of need; raw channel metrics land immutable.
MON-4,Normalization layer with comparability_class,MON · Basic monitoring,Phase 1,Squad Platform,analytics-svc,5,MON-3,RP-4,,"Every normalized metric carries direct, caveated, or first_party_only. No aggregate crosses classes without an annotation."
MON-5,Anomaly detection with significance evidence,MON · Basic monitoring,Phase 1,Squad Platform,analytics-svc,5,MON-4,OP-2,,Every anomaly carries confidence and sample size so downstream consumers can refuse weak signals.
MON-6,Notification fan-out,MON · Basic monitoring,Phase 1,Squad Surface,notification-svc,3,"MON-5,PLAT-13","AP-8,OP-9",,Email and in-app delivery with per-user cadence controls and suppression.
MON-7,Performance dashboard,MON · Basic monitoring,Phase 1,Squad Surface,web,5,MON-4,"RP-1,RP-4",,"Per-brand, per-channel performance with methodology annotations rendered inline, not hidden in a tooltip."
GATE1-1,Alpha exit-gate instrumentation,GATE1 · Alpha exit,Phase 1,Squad Platform,analytics-svc,3,"MON-4,APRV-9",,,"Approval-accept rate, unauthorized-spend counter, and platform disapproval rate are live dashboards before the first design partner onboards."
GATE1-2,Design partner onboarding runbook,GATE1 · Alpha exit,Phase 1,Platform Access (PM-led),docs,3,BG-10,,,"Repeatable path for 6 SMBs and 4 agencies across 4 verticals, sized against LinkedIn's five-account development-tier write limit if Standard tier has not landed."
GATE1-3,Alpha exit review,GATE1 · Alpha exit,Phase 1,Platform Access (PM-led),docs,1,"GATE1-1,GATE1-2",,yes,"Gate: at least 60% approval-accept rate, zero unauthorized-spend events, no more than 5% disapproval rate. A miss delays Phase 2 rather than being waived."
ADPT2-1,TikTok adapter to full DoD,ADPT2 · Remaining seven channels,Phase 2,Squad Spend,channel-gateway,8,"GW-11,ACCESS-5","CP-1,CP-2",,Passes the full conformance suite with zero waivers. Dynamic quota endpoint queried rather than assumed; Spark Ads and batch creative management declared in the registry.
ADPT2-2,LinkedIn adapter to full DoD,ADPT2 · Remaining seven channels,Phase 2,Squad Spend,channel-gateway,8,"GW-11,ACCESS-5","CP-1,CP-2",,"Passes the full conformance suite with zero waivers. Access tier recorded on the connection; development tier's five-account write limit enforced as a constraint, not discovered at runtime."
ADPT2-3,Microsoft adapter to full DoD,ADPT2 · Remaining seven channels,Phase 2,Squad Spend,channel-gateway,8,"GW-11,ACCESS-5","CP-1,CP-2",,"Passes the full conformance suite with zero waivers. REST only. No SOAP code path exists, given the announced deprecation."
ADPT2-4,Reddit adapter to full DoD,ADPT2 · Remaining seven channels,Phase 2,Squad Spend,channel-gateway,8,"GW-11,ACCESS-5","CP-1,CP-2",,Passes the full conformance suite with zero waivers. conversion_pixel_id required on creation; current objective enum set loaded from the registry.
ADPT2-5,Pinterest adapter to full DoD,ADPT2 · Remaining seven channels,Phase 2,Squad Spend,channel-gateway,8,"GW-11,ACCESS-5","CP-1,CP-2",,Passes the full conformance suite with zero waivers. Rate limits declared from documentation and adjusted only on observed 429 headers. Probing is prohibited and the test suite asserts we never do it.
ADPT2-6,Snapchat adapter to full DoD,ADPT2 · Remaining seven channels,Phase 2,Squad Spend,channel-gateway,8,"GW-11,ACCESS-5","CP-1,CP-2",,"Passes the full conformance suite with zero waivers. Ad creation via the documented ad-squad path; no allowlisting needed, so this is an early parity win."
ADPT2-7,Amazon adapter to full DoD,ADPT2 · Remaining seven channels,Phase 2,Squad Spend,channel-gateway,8,"GW-11,ACCESS-5","CP-1,CP-2",,Passes the full conformance suite with zero waivers. Sponsored Products v3 only; v2 is deprecated and no v2 path is written.
ADPT2-8,Channel parity report,ADPT2 · Remaining seven channels,Phase 2,Squad Spend,docs,3,"ADPT2-1,ADPT2-2,ADPT2-3,ADPT2-4,ADPT2-5,ADPT2-6,ADPT2-7",CP-1,yes,"Published matrix of conformance results across all nine channels. Any waiver is a release blocker, which is how equal priority stays true."
VID-1,Video scene graph extension,VID · Video pipeline,Phase 2,Squad Creative,creative-svc,8,CRTV-1,"CR-7,CR-8",,"Timeline, audio bed, and caption layers extend the same graph model. Video is not a separate creative system."
VID-2,FFmpeg assembly worker and GPU node-group decision,VID · Video pipeline,Phase 2,Squad Creative,render-svc,8,"VID-1,PLAT-1",CR-7,,"Resolves open technical question T2/T3 with a measured cost-per-render comparison, not an opinion."
VID-3,Video agent,VID · Video pipeline,Phase 2,Squad Creative,agent-runtime,8,"VID-1,AGENT-2","CR-7,CR-8",,"Script to shotlist to assembly, producing platform-appropriate cuts at every required duration."
VID-4,Captions and burn-in with disclosure support,VID · Video pipeline,Phase 2,Squad Creative,render-svc,5,"VID-2,CMPL-6","CR-8,CR-11",,Captions render typographically; a required AI or paid-partnership disclosure can be placed without violating safe zones.
VID-5,"Duration, codec, and bitrate validation",VID · Video pipeline,Phase 2,Squad Creative,render-svc,3,"VID-2,GW-2",CR-2,,Per-placement bounds read from the Spec Registry; a violation fails validation rather than being submitted and rejected.
VID-6,Video perceptual regression suite,VID · Video pipeline,Phase 2,Squad Creative,render-svc,5,VID-2,,,Frame-sampled perceptual diffs catch assembly regressions across every target duration.
OPT-1,"Optimizer agent, propose-only",OPT · Optimizer,Phase 2,Squad Creative,agent-runtime,5,"AGENT-3,MON-5","OP-3,OP-6",,Its tool allowlist contains no write verb. A test asserts the Optimizer cannot reach Build or Mutate even with a forged call.
OPT-2,Proposal model with evidence and revert path,OPT · Optimizer,Phase 2,Squad Spend,core-api,5,"OPT-1,AUD-1","OP-6,LN-5",,Every proposal carries the anomaly or fatigue event ids that justify it and a populated revert path before it can be queued.
OPT-3,Auto-approve rule engine,OPT · Optimizer,Phase 2,Squad Spend,approval-svc,5,"APRV-3,OPT-2","OP-4,AP-9",,"Rules are scoped and USD-capped. auto_approved is recorded distinctly from human_approved, so autonomy graduation can be analyzed later."
OPT-4,Execution-time guardrail re-check,OPT · Optimizer,Phase 2,Squad Spend,channel-gateway,5,"OPT-3,GW-8",OP-5,,"Ceilings are re-read immediately before the HTTP call. A proposal approved Monday that violates a Wednesday ceiling returns GuardrailViolation, which is an expected outcome and not an error."
OPT-5,OptimizationWorkflow,OPT · Optimizer,Phase 2,Squad Spend,orchestrator,5,"OPT-4,ORCH-4","OP-5,OP-7",,"Proposal to guardrail re-check to mutation to verification to reversible ledger row, as one durable execution."
OPT-6,Winner scaling,OPT · Optimizer,Phase 2,Squad Creative,agent-runtime,5,OPT-5,OP-7,,A proven creative or audience scales with explicit spend bounds and a stated expected effect.
OPT-7,Outcome attribution and learning signal write,OPT · Optimizer,Phase 2,Squad Platform,analytics-svc,5,"OPT-5,MON-4",OP-7,,"Each executed optimization gets a measured outcome written back as a learning signal, de-identified before any global-scope write."
FAT-1,Compound fatigue scorer,FAT · Fatigue and refresh,Phase 2,Squad Platform,analytics-svc,5,MON-4,OP-2,,"Requires at least three simultaneous signals. Enforced in the database constraint, the event schema, and the scorer. No single-signal or time-elapsed trigger exists anywhere."
FAT-2,Format-calibrated thresholds,FAT · Fatigue and refresh,Phase 2,Squad Platform,analytics-svc,3,"FAT-1,GW-2",OP-2,,"Short-form video thresholds trip materially earlier than static feed, with values sourced from the Spec Registry rather than hard-coded."
FAT-3,Refresh pipeline,FAT · Fatigue and refresh,Phase 2,Squad Creative,orchestrator,5,"FAT-1,CRTV-9","OP-2,CR-12",,Detected fatigue produces a new creative set that enters the normal approval path. Refresh is never auto-launched.
FAT-4,Fatigue backtest against alpha data,FAT · Fatigue and refresh,Phase 2,Squad Platform,analytics-svc,3,FAT-2,OP-2,,Thresholds validated against real alpha performance history before they gate any production refresh.
CMPL-1,Vertical gate,CMPL · Compliance to full P0,Phase 2,Compliance pod,compliance-svc,3,PLAT-7,CR-9,,Restricted-vertical flags per brand short-circuit the pipeline before any other stage runs.
CMPL-2,Lexical and claim-pattern scanner,CMPL · Compliance to full P0,Phase 2,Compliance pod,compliance-svc,5,CMPL-1,"CR-9,CR-10",,"Banned words and regulated-claim patterns for income, health, superlative, and guarantee language, each with a policy citation."
CMPL-3,Claim substantiation as a hard block,CMPL · Compliance to full P0,Phase 2,Compliance pod,compliance-svc,5,"BG-9,CMPL-2",CR-9,,"An unresolved claim in a generated asset blocks. It is a graph lookup, not a model judgment, so the verdict is explainable and reproducible."
CMPL-4,Likeness detection and consent artifacts,CMPL · Compliance to full P0,Phase 2,Compliance pod,compliance-svc,8,CMPL-2,CR-13,,Resolves open question T4. A realistic person with no consent artifact is a hard block with Owner-only override and mandatory written justification.
CMPL-5,Jurisdiction resolution,CMPL · Compliance to full P0,Phase 2,Compliance pod,compliance-svc,5,CMPL-2,CR-11,,"Union of targeted geos maps to applicable disclosure regimes and the strictest wins, including EU AI Act Article 50 obligations now in force."
CMPL-6,Disclosure application,CMPL · Compliance to full P0,Phase 2,Compliance pod,compliance-svc,8,"CMPL-5,CRTV-3",CR-11,,"Writes a visible label layer, sets the platform AI-content flag, and attaches provenance metadata. An asset requiring a disclosure it did not receive cannot be marked compliance_pass."
CMPL-7,Policy corpus store with a named owner and change SLA,CMPL · Compliance to full P0,Phase 2,Compliance pod,compliance-svc,5,CMPL-2,CR-10,,"Versioned, citation-backed rules per channel with an accountable owner. A corpus bump can force re-check of everything pending in the queue."
CMPL-8,Rejection intelligence loop,CMPL · Compliance to full P0,Phase 2,Compliance pod,compliance-svc,5,"GW-15,CMPL-7",LN-4,,"A recurring rejection pattern above threshold is promoted into the corpus and into that brand's generation constraints. The corpus improves from production, not from reading changelogs."
CMPL-9,Owner-only override with alerting,CMPL · Compliance to full P0,Phase 2,Compliance pod,compliance-svc,3,CMPL-4,CR-13,,Justification minimum length enforced by the database; every override alerts and appears in the audit export.
CMPL-10,Compliance audit export and one clean external audit,CMPL · Compliance to full P0,Phase 2,Compliance pod,docs,5,"CMPL-6,SEC-9",,yes,Beta exit requires one clean external compliance audit of the disclosure and substantiation paths.
AGY-1,Agency portfolio console,AGY · Agency platform,Phase 2,Squad Surface,web,8,"UI-1,SEC-4","ACC-2,RP-6",,"Cross-client performance, pending approvals, and health in one view that stays usable at 60 clients."
AGY-2,White-label theming,AGY · Agency platform,Phase 2,Squad Surface,web,5,AGY-1,"ACC-2,RP-5",,"Agency-only, enforced by the database constraint. A business account cannot hold a white-label configuration."
AGY-3,Client portal,AGY · Agency platform,Phase 2,Squad Surface,web,8,"AGY-2,APRV-10","ACC-5,AP-2",,client_viewer and client_approver see exactly one brand and can approve without access to anything else in the agency.
AGY-4,Cross-client reuse with explicit opt-in,AGY · Agency platform,Phase 2,Squad Creative,creative-svc,5,BG-8,"ACC-2,BG-8",,Templates and learnings cross client boundaries only on explicit opt-in. Default is full isolation per the tenancy model.
AGY-5,Per-client billing attribution,AGY · Agency platform,Phase 2,Squad Surface,billing-svc,5,AGENT-4,,,"Generation and platform cost attributable per client brand, so an agency can bill through accurately."
AGY-6,Bulk cross-client operations with per-client token scoping,AGY · Agency platform,Phase 2,Squad Spend,approval-svc,5,"AGY-1,APRV-3","ACC-2,AP-5",,A bulk action across 20 clients issues 20 separately scoped tokens. One token can never authorize spend for a brand it was not issued for.
GATE2-1,Beta exit-gate instrumentation,GATE2 · Beta exit,Phase 2,Squad Platform,analytics-svc,3,"GATE1-1,MON-7",,,Approval-accept rate and day-60 CPA delta per beta brand are live and trustworthy before the review.
GATE2-2,Beta exit review,GATE2 · Beta exit,Phase 2,Platform Access (PM-led),docs,1,"GATE2-1,ADPT2-8,CMPL-10",,yes,"Gate: at least 75% approval-accept rate, demonstrated CPA improvement in at least 50% of beta brands at day 60, one clean compliance audit."
VERT-1,Vertical template framework,VERT · Vertical templates,Phase 3,Squad Creative,brand-svc,5,BG-8,"BG-8,ST-7",,"A template seeds objectives, channel mix, creative angles, and compliance constraints for a vertical."
VERT-2,Ten vertical templates authored and reviewed,VERT · Vertical templates,Phase 3,Squad Creative,brand-svc,8,VERT-1,ST-7,,"Each template reviewed by someone with real domain experience in that vertical, not generated and shipped."
CAT-1,Catalog and feed ingest,CAT · Catalog-driven creative,Phase 3,Squad Creative,brand-svc,8,BG-2,CR-12,,"Product, price, and inventory ingest with scheduled refresh and staleness detection."
CAT-2,Catalog-driven generation,CAT · Catalog-driven creative,Phase 3,Squad Creative,creative-svc,8,"CAT-1,CRTV-3",CR-12,,Scene graphs template over catalog rows; a thousand SKUs do not become a thousand generations.
CAT-3,Per-channel catalog ad mapping,CAT · Catalog-driven creative,Phase 3,Squad Spend,channel-gateway,5,"CAT-2,GW-1",CP-1,,Catalog ad support read from the Capability Registry per channel. No channel-name branching.
ANL-1,Creative analytics at attribute level,ANL · Analytics and reporting,Phase 3,Squad Platform,analytics-svc,8,OPT-7,RP-3,,"Performance attributable to creative attributes (hook type, format, angle), not just to ad ids."
ANL-2,ReportWorkflow with PDF render and white-label,ANL · Analytics and reporting,Phase 3,Squad Surface,analytics-svc,5,"MON-7,AGY-2","RP-1,RP-2,RP-5",,"Scheduled weekly and monthly reports, narrated, rendered, and delivered, with agency branding where configured."
ANL-3,Methodology annotation propagation,ANL · Analytics and reporting,Phase 3,Squad Platform,analytics-svc,3,"MON-4,ANL-2",RP-4,,Annotations reach the UI and the PDF. No surface can display a blended cross-channel figure without one.
ANL-4,Resolve the analytics store decision,ANL · Analytics and reporting,Phase 3,Squad Platform,analytics-svc,8,MON-3,,,"Resolves open question T1 with measured cost and latency at projected volume, then executes the chosen path."
FPD-1,First-party connectors,FPD · First-party data,Phase 3,Squad Platform,analytics-svc,8,MON-4,"RP-3,OP-7",,"CRM, ecommerce, and call-tracking ingest feeding first_party_only metrics."
FPD-2,Offline conversion upload,FPD · First-party data,Phase 3,Squad Spend,channel-gateway,5,"FPD-1,GW-1",OP-7,,Per-channel offline conversion upload where the Capability Registry declares support.
FPD-3,First-party revenue as a goal metric,FPD · First-party data,Phase 3,Squad Creative,agent-runtime,5,"FPD-1,AGENT-6","ST-2,OP-7",,The Strategist can optimize against first-party revenue instead of platform-attributed conversions.
XCH-1,Cross-channel reallocation proposals,XCH · Cross-channel reallocation,Phase 3,Squad Creative,agent-runtime,8,"OPT-5,MON-4",OP-8,,Reallocation reasons only over comparable metrics and states its comparability assumptions in the proposal itself.
XCH-2,ComparabilityViolation enforcement end to end,XCH · Cross-channel reallocation,Phase 3,Squad Platform,analytics-svc,3,ANL-3,RP-4,,Any caller requesting a cross-channel aggregate over caveated metrics without accepting an annotation gets a hard error. Verified from API through UI.
BILL-1,Self-serve billing and plan tiers,BILL · Billing,Phase 3,Squad Surface,billing-svc,8,SEC-8,,,"Entry, growth, and scale tiers with seat and brand metering for both account types. No percent-of-spend pricing anywhere in the model."
BILL-2,Generation overage metering,BILL · Billing,Phase 3,Squad Platform,billing-svc,5,"AGENT-4,BILL-1",,,"Overage billed from the same agent_run meter that drives margin-per-brand. One meter, not two."
BILL-3,Dunning and downgrade paths,BILL · Billing,Phase 3,Squad Surface,billing-svc,3,BILL-1,,,"Failed payment pauses generation before it pauses live campaigns, so a billing lapse never silently wastes a client's ad spend."
SUP-1,Support tooling,SUP · Support and operations,Phase 3,Squad Surface,web,5,AUD-4,ACC-7,,Impersonation is fully audited and visibly flagged to the user afterward. Brand health view for triage.
SUP-2,Operational runbooks and drills,SUP · Support and operations,Phase 3,Squad Platform,docs,5,"GW-13,PLAT-16",LN-7,,"Runbooks for channel outage, quota storm, token incident, outbox backlog, and a rehearsed kill-switch drill."
SUP-3,Status page and incident comms,SUP · Support and operations,Phase 3,Squad Platform,infra,3,PLAT-5,,,Per-channel degradation is visible to customers without a human writing an update first.
GATE3-1,GA readiness review,SUP · Support and operations,Phase 3,Platform Access (PM-led),docs,1,"BILL-1,SUP-2,XCH-2,ANL-3",,yes,"Gate: every P0 requirement met, all nine channels at parity with zero waivers, security and compliance sign-off."
